name,price,available,quantity
"Afnan 9am branco 100ml(fem)",190,true,12
"Afnan 9am Dive  100ml(unisex)",180,true,
"Afnan 9am Pour Femme 100ml",180,true,12
"Afnan 9pm Elixir 100ml(unisex)",225,true,17
"Afnan 9pm Night Out 100ml(unissex)",295,true,35
"Afnan 9pm preto 100ml(masc)",170,true,27
"Afnan 9pm Rebel 100ml(unissex)",235,true,10
"Afnan Supremacy Collector's Edition 100ml(masc)",340,true,36
"Afnan Supremacy in Heaven 100ml(masc)",185,true,10
"Afnan Supremacy Silver 100ml(masc)",160,true,10
"Afnan Turathi Blue 90ml(masc)",240,true,49
"Afnan Turathi Electric 90ml(masc)",225,true,28
"Al  Wataniah Hayat 100ml(unissex)",95,true,12
"Al Haramain Amber Oud gold 120ml (masc)",295,true,
"Al Haramain Conception 100ml(unissex)",205,true,10
"Al Haramain Freya 100ml(fem)",205,true,2
"Al Haramain Harmony 100ml(fem)",205,true,3
"Al Haramain Laif 100ml(masc)",205,true,8
"Al Haramain Olaf 100ml(unissex)",205,true,10
"Al Haramain Oud Nomad 100ml(unissex)",205,true,9
"Al Wataniah Al Layl 100ml(unissex)",95,true,4
"Al Wataniah Ameerati dourado 100ml (unisex)",90,true,24
"Al Wataniah Amnia 100ml(fem)",140,true,16
"Al Wataniah Attar Al Wesal 100ml(masc)",150,true,
"Al Wataniah Bareeq Al Dhahab 100ml(masc)",90,true,67
"Al Wataniah Castilla 100ml(unissex)",95,true,31
"Al Wataniah Durrat Al Aroos 85ml(fem)",115,true,
"Al Wataniah Durrat Al Aroos Love 85ml(fem)",200,true,17
"Al Wataniah Granada 75ml(unissex)",95,true,12
"Al wataniah Kayaan Classic 100ml(unissex)",150,false,
"Al Wataniah Kenz Al Malik 100ml(masc)",95,true,6
"Al Wataniah Nada 100ml(unissex)",145,true,
"AL Wataniah Oud Mystery Intense 100ml(unissex)",100,true,7
"Al Wataniah Rose Mystery Intense 100ml(unissex)",100,true,21
"Al Wataniah Sabah Al Ward 100ml (fem)",120,true,
"Al Wataniah Sabah Al Ward Delilah 100ml(fem",210,true,20
"Al Wataniah Sabah Al Ward Sugar 100ml(fem)",210,true,
"Al Wataniah Sabah Al Ward Valentine 100ml(fem)",205,true,16
"Al Wataniah Sevilla 75ml(unissex)",95,true,12
"Al Wataniah Shagaf Al Ward 100ml(fem)",120,true,6
"Al Wataniah Special Oud 100ml(unisex)",100,true,18
"Al Wataniah Sultan Al Lail 100ml(masc)",95,true,30
"Al Wataniah Thahaani 100ml(unissex)",120,true,24
"Al Wataniah Tiara Pink 100ml(fem)",95,true,19
"Al Wataniah Tibyan 100ml(fem)",85,true,14
"Al Wataniah Tiger Eye 100ml(unissex)",95,true,1
"Al Wataniah Watani Intense 100ml(unissex)",100,true,10
"Al Wataniah Watani Noir 100ml(masc)",100,true,12
"Al Wataniah Watani Pink 100ml(fem)",210,true,10
"Al Wataniah Watani Purple 100ml(fem)",100,true,1
"Ard Al Zaafaran Ajmal Ehsaas 100ml(fem)",160,true,6
"Ard Al Zaafaran Al Batal 100ml(masc)",125,true,6
"Ard Al Zaafaran Al Dirgham 100ml(masc)",125,true,10
"Ard Al Zaafaran Alghaza 100ml(unissex)",120,true,10
"Ard Al Zaafaran Amal 100ml(fem)",110,true,10
"Ard Al Zaafaran Barez 100ml(unissex)",110,true,4
"Ard Al Zaafaran Fakhar Al Oud 100ml(unissex)",110,true,10
"Ard Al Zaafaran Jazzab Silver 100ml(masc)",110,true,10
"Ard Al Zaafaran Laila 100ml(fem)",110,true,10
"Ard Al Zaafaran Liwan 100ml(unissex)",125,true,5
"Ard Al Zaafaran Manaal 100ml(fem)",175,true,3
"Ard Al Zaafaran Milena 100ml(fem)",195,true,11
"Ard Al Zaafaran Shams Al Emarat Pink Blush 100ml(fem)",135,true,2
"Ard Al Zaafran Al Hur Intense 100ml(masc)",110,false,0
"Armaf  Tres Jour Pour Femme 100ml",165,true,10
"Armaf Club De Nuit Bling 75ml(masc)",300,true,
"Armaf Club De Nuit Iconic 105ml(masc)",260,true,2
"Armaf Club De Nuit Imperiale 105ml(fem)",220,true,6
"Armaf Club De Nuit intense man 105ml ",220,true,
"Armaf Club De Nuit intense man Limited Edition  105ml",395,true,19
"Armaf Club De Nuit Lionheart 100ml(masc)",285,true,
"Armaf Club de Nuit Maleka 105ml(fem)",225,true,
"Armaf Club De Nuit Milestone 105ml(unissex)",205,true,10
"Armaf Club De Nuit Precieux IV extrairt 55ml (fem)",365,true,
"Armaf Club De Nuit Untold 105ml(unisex)",265,true,8
"Armaf Club de Nuit Urban Elixir 105ml(masc)",215,true,
"Armaf Club De Nuit Urban Man 105ml (masc)",210,true,10
"Armaf Club De Nuit Woman 105ml",235,true,
"Armaf Eter Desert Flower 100ml(unissex)",210,true,19
"Armaf Eter Desert Rose 100ml(unissex)",210,true,22
"Armaf Eter Magical Oud 100ml(unissex)",210,true,22
"Armaf Eter Oasis 100ml(unissex)",210,true,8
"Armaf Infinity Gold 100ml(fem)",315,true,8
"Armaf Island Bliss 100ml(fem)",220,true,11
"Armaf Odyssey Dubai Chocolat 100ml(fem)",125,true,8
"Armaf Odyssey Limoni 100ml(unisex)",175,true,7
"Armaf Odyssey Mandarin Sky limited edition 100ml(masc)",165,true,31
"Armaf Odyssey Tyrant 100ml(masc)",140,true,6
"Armaf TAG Olimpiad Edition 100ml(fem)",155,true,8
"Armaf Tres Nuit Pour Homme 100ml",165,true,8
"Armaf Yum Yum 100ml(fem)",300,true,21
"Arqus Daily 100ml(fem)",120,true,10
"Arqus Intruder 100ml(fem)",120,true,8
"Arqus Nice Girl 100ml(fem)",120,true,10
"Arqus Olive 100ml(fem)",120,true,10
"Arqus Red Diamond 100ml(fem)",120,true,10
"Arqus Secret Lovers 100ml(fem)",120,true,9
"Arqus Unbeatable 100ml(masc)",120,true,10
"Arqus Uno Mil 100ml(masc)",120,true,10
"Arqus Voyage Pour homme 100ml",110,true,19
"Asdaaf Ameer Al Arab Imperium azul 100ml(masc)",110,true,5
"Asdaaf Ameerat Al Arab Prive Rose 100ml(fem)",100,true,14
"Asdaaf Ameerat Al Arab Vermelho 100ml(fem)",100,true,59
"Asdaaf Nora Rave 100ml(unisex)",115,true,12
"Asdaaf Qarar 80ml(unissex)",110,true,10
"Asdaaf Raneen 80ml (fem)",195,true,50
"Asdaaf Reem 100ml(fem)",120,true,19
"Asdaaf Ya Habibti 100ml(fem)",120,true,4
"Aurora Scents Aroma V 100ml(masc)",205,true,4
"Aurora Scents Aura Gold 100ml(fem)",195,false,
"Aurora Scents Aura Silver 100(masc)",195,true,11
"Aurora Scents Black Obsidian 100ml(masc)",270,true,42
"Aurora Scents Black Rouge 100ml(fem)",145,false,0
"Aurora Scents Cafe Citadel 100ml(unissex)",195,true,8
"Aurora Scents Cherry in The Woods 100ml(unissex)",275,true,20
"Aurora Scents Cleopatra 100ml(fem)",220,true,92
"Aurora Scents Dancing In Snowfall 75ml(fem)",285,true,5
"Aurora Scents Deciduous Autumn 100ml(fem)",260,true,10
"Aurora Scents Deciduous Spring 100ml(fem)",260,false,
"Aurora Scents Deciduous Summer 100ml(fem)",260,true,9
"Aurora Scents Deciduous Winter 100ml(fem)",260,true,7
"Aurora Scents Elite 100ml(masc)",210,true,50
"Aurora Scents Elite Vip 100ml(masc)",210,true,47
"Aurora Scents Gemini e Gemini Bloom (50ml × 2) fem",250,false,
"Aurora Scents Gemini e Gemini Noir (50ml × 2) masc",250,true,8
"Aurora Scents Globe Safron 100ml(unissex)",270,true,20
"Aurora Scents Habanera Black 80ml(masc)",240,true,41
"Aurora Scents Habanera Pink 80ml(fem)",200,false,
"Aurora Scents Habanera White 80m(fem",195,false,0
"Aurora Scents ILLICIT 100ml(fem)",190,true,1
"Aurora Scents Monument Gold 75ml(unissex)",230,true,6
"Aurora Scents Monument Pour Homme 75ml(masc)",230,true,9
"Aurora Scents Olibanum 100ml(unissex)",195,true,10
"Aurora Scents Pharaoh 100ml(masc)",220,true,42
"Aurora Scents Vanilla Espresso 100ml(unissex)",195,true,119
"Aurora Scents Voyager Black 100ml(masc)",195,true,16
"Aurora Scents Voyager Silver 100ml(masc)",195,true,12
"Bharara Chocolate 100ml(unissex)",310,true,12
"Bharara Don 100ml(masc)",310,true,12
"Bharara Onyx 100ml(masc)",310,true,12
"Bharara Rose 100ml(fem)",310,true,12
"Bharara Scarlet 100ml(unissex)",310,true,12
"Bharara Viking Beirut 100ml(unissex)",310,true,7
"French Avenue Aether Extrait 100ml(fem)",280,true,
"French Avenue Atlantis extrait 100ml(unisex)",265,true,
"French Avenue Cocoa Morado 100ml(unissex)",185,true,11
"French Avenue Irida Extrait 100ml(fem)",295,true,
"French Avenue Liquid Brun 100ml(masc)",260,true,12
"French Avenue Liquid Brun Limited Edition 150ml(unissex)",310,true,7
"French Avenue Luscious 100ml(fem)",185,true,10
"French Avenue Nectare Extradose 90ml(unissex)",315,true,10
"French Avenue Sh'Mallow Fluff 100ml(fem)",240,true,1
"French Avenue Spectre Ghost 80ml(masc)",210,false,0
"French Avenue Veneno Bianco 100ml(unissex)",265,true,17
"French Avenue Veneno Scarlet 100ml(unissex)",295,true,8
"French Avenue Vulcan Baie 100ml(fem)",280,true,
"French Avenue Vulcan Black 100ml(masc)",290,true,11
"French Avenue Vulcan Sable 100ml(unisex)",210,true,18
"Frenche Avenue Vulcan Feu 100ml(unisex)",285,true,5
"Hawas Black 100ml(masc)",190,true,
"Hawas Diva 100ml(fem)",315,true,
"Hawas Eclat 100ml(fem)",200,true,9
"Hawas Elixir masc(100ml)",185,true,7
"Hawas For Him 100ml(masc)",160,true,
"Hawas Ice 100ml(masc)",215,true,
"Hawas Kobra For Him 100ml",270,true,4
"Hawas Malibu 100ml(masc)",295,true,7
"Hawas Verde 100ml(masc)",240,true,10
"Khadlaj Island 100ml(unissex)",190,true,20
"Khadlaj Island Vanilla Dunes 100ml(unissex)",190,true,11
"Kit Afnan Supremacy In Oud (3 pc ) ",290,true,11
"Kit Afnan Turathi Blue (3 pc)",280,true,6
"Kit Armaf Club De Nuit intense (4 pc)",295,false,0
"Kit Hawas for Him (3 pc)",240,true,6
"Kit Hawas Ice (3pc)",310,true,6
"Kit Lattafa Al Qiam Gold (3pc)",200,true,4
"Kit Lattafa Ansaam gold (3 pc)",190,true,3
"Kit Lattafa Art Of Nature I (3 pc)",240,true,5
"Kit Lattafa Art Of Universe (3pc)",260,false,
"Kit Lattafa Artisan Ethnique (3pc)",200,true,6
"Kit Lattafa Asad (2pc 100ml cada)",240,false,
"Kit Lattafa Asad preto (perfume 100ml + spray 200ml)",190,true,4
"Kit Lattafa Eternal Oud (3 pc)",250,true,8
"Kit Lattafa Ishq Al Shuyukh Silver (3pc)",240,true,4
"Kit Lattafa king Of Arabia (3 pc)",275,true,6
"Kit Lattafa Mini Badee Al Oud (5pc de 5ml cada)",140,true,8
"Kit Lattafa Nebras (3pc)",240,true,8
"Kit Lattafa Peace E Love (3 pc)",240,true,5
"Kit Lattafa Pisa (3pc)",285,false,0
"Kit Lattafa Queen Of Arabia (3pc)",310,false,
"Kit Lattafa Vintage Radio (3pc)",195,true,4
"Kit Lattafa Yara (4 pc × 25ml)",220,true,
"Lattafa  Eclaire Pistache  100ml(unisex)",180,true,
"Lattafa Afaq Gold 100ml(unissex)",170,true,9
"Lattafa Afeef 100ml(unisex)",370,true,22
"Lattafa Affection Love 100ml(unissex)",190,true,1
"Lattafa Ajwaa 90ml(unissex)",205,true,2
"Lattafa Ajwad 60ml(fem)",110,true,6
"Lattafa Ajwad Pink To Pink 60ml(unisex)",100,true,11
"Lattafa Al Nashama Caprice 100ml(unisex)",140,true,15
"Lattafa Al Noble Ameer 100ml(unisex)",160,true,63
"Lattafa Al Noble Safeer 100ml(unisex)",160,true,50
"Lattafa Al Noble Wazzer 100ml(masc)",160,true,
"Lattafa Al Qiam Gold 100ml(unisex)",145,true,11
"Lattafa Angham 100ml(unissex)",160,true,19
"Lattafa Art Of Nature I 100ml(unissex)",220,true,20
"Lattafa Art Of Nature II 100ml(unissex)",220,true,24
"Lattafa ART Of Universe 100ml(unisex)",210,true,
"Lattafa Art Of Wood 100ml(unissex)",135,true,11
"Lattafa Asad Bourboun 100ml (masc)",205,true,
"Lattafa Asad Elixir 100ml (masc)",230,true,
"Lattafa Asad preto 100 ml (masc)",175,true,
"Lattafa Asad Zanzibar 100ml (masc)",150,true,
"Lattafa Asad zanzibar Limited edition 100ml (masc)",220,true,
"Lattafa Atheeri 100ml(fem)",395,true,16
"Lattafa Badee Al Oud Amethyst 100ml(unissex)",150,true,4
"Lattafa Badee Al Oud Honor e Glory 100ml(unisex)",150,true,19
"Lattafa Badee Al Oud Noble Blush 100ml(fem)",140,true,
"Lattafa Badee Al Oud Oud For Glory 100ml(unisex)",150,true,12
"Lattafa Badee Al Oud Sublime 100ml(unisex)",145,true,
"Lattafa Dalal 100ml(fem)",280,true,30
"Lattafa Dream Of Haze 100ml(unisex)",220,true,
"Lattafa Dynasty 100ml(unisex)",140,true,9
"Lattafa Eclaire 100ml(fem)",170,true,17
"Lattafa Eclaire Banoffi 100ml(fem)",185,true,
"Lattafa Emaan 100ml(fem)",135,true,25
"Lattafa Emeer 100ml(unisex)",260,true,
"Lattafa Eternal Oud 100ml(unisex)",160,true,34
"Lattafa Eternal Vanille 100ml(unissex)",220,true,9
"Lattafa Fakhar Black 100ml (masc)",180,true,
"Lattafa Fakhar gold extrait 100ml",160,true,
"Lattafa Fakhar prata 100ml (masc)",160,true,
"Lattafa Fakhar rose 100ml (fem)",220,true,
"Lattafa Fire On Ice 100ml(unisex)",145,true,22
"Lattafa Give Me Gourmand Berry On Top 75ml(fem)",230,true,9
"Lattafa Give Me Gourmand Choco Overdose 75ml(fem)",230,true,9
"Lattafa Give Me Gourmand Cookie Crave 75ml(fem)",230,true,8
"Lattafa Give Me Gourmand Mallow Maddnes 75ml(fem)",230,true,10
"Lattafa Give Me Gourmand Vanilla Freak 75ml(fem)",230,true,31
"Lattafa Give Me Gourmand Whipped Pleasure 75ml(fem)",230,true,10
"Lattafa Habik 100ml(masc)",135,true,8
"Lattafa Habik Pink 100ml(fem)",185,true,22
"Lattafa Haya 100ml(fem)",145,false,0
"Lattafa Hayaati Gold Elixir 100ml(unisex)",100,true,9
"Lattafa Hayaati preto 100ml (unisex)",130,true,
"Lattafa Her Confession 100ml(fem)",195,true,
"Lattafa His Confession 100ml(masc)",170,true,28
"Lattafa Ishq Al Shuyukh Gold 100ml(unisex)",160,true,
"Lattafa Jasoor 100ml(masc)",145,true,11
"Lattafa Khamrah Dukhan 100ml(unisex)",185,true,9
"Lattafa khamrah preto 100ml(masc)",185,true,41
"Lattafa Khamrah Qahwa 100ml(fem)",185,true,8
"Lattafa Kids Happy Brush 75ml",80,true,3
"Lattafa Kids Happy Time 75ml",80,true,2
"Lattafa Kids Sing 75ml",80,true,36
"Lattafa Kids Stop Wait Go 75ml",80,true,8
"Lattafa King of Arabia 100ml(unissex)",210,true,10
"Lattafa Lahdath 80ml(fem)",150,true,9
"Lattafa Lail Maleki 100ml(unissex)",105,true,7
"Lattafa Layaan 75ml(fem)",180,false,0
"Lattafa Maahir Legacy 100ml(masc)",200,true,
"Lattafa Maharjan Silver 100ml(unisex)",160,true,
"Lattafa Mayar Cherry Intense 100ml(fem)",160,true,
"Lattafa Mayar Natural intense 100ml(fem)",160,true,
"Lattafa Mayar rosa tradicional 100ml(fem)",150,true,8
"Lattafa Mishlah 100ml(masc)",170,true,10
"Lattafa Mohra Silky Rose 100ml(fem)",110,false,
"Lattafa Musamam Black Intense 100ml(unissex)",300,true,4
"Lattafa Musamam White Intense 100ml(fem)",270,true,8
"Lattafa Nasmaat 100ml(unisex)",135,true,1
"Lattafa Nebras Elixir 100ml (fem)",270,true,
"Lattafa Nebras vinho 100ml  (unisex)",170,true,
"Lattafa Niche Emarati  Nadira 100ml(unissex)",175,true,5
"Lattafa Niche Emarati Antique  100ml(unissex)",195,true,12
"Lattafa Niche Emarati Classic Stone 100ml(unissex)",195,true,8
"Lattafa Niche Emarati Khalid 80ml(unissex)",205,true,18
"Lattafa Niche Emarati Mughal Fort 100ml(unissex)",195,true,8
"Lattafa Opulent Dubai 100ml(unissex)",135,true,20
"Lattafa Opulent Musk 100ml(fem)",95,true,5
"Lattafa Opulent Oud 100ml(unissex)",105,true,10
"Lattafa Peace E Love 100ml(unisex)",200,true,10
"Lattafa Petra 100ml (fem)",170,true,
"Lattafa Pride Art Of Arabia III 100ml(unissex)",235,true,15
"Lattafa Pride Pisa 100ml (masc)",260,true,
"Lattafa Pure Crystal 100ml(fem)",370,true,12
"Lattafa Qaed Al Fursan 90ml(unisex)",120,true,42
"Lattafa Qaed Al Fursan Untamed 90ml(unissex)",120,true,3
"Lattafa Qimmah For Men 100ml",100,true,9
"Lattafa Queen Of Arabia 100ml(fem)",360,true,75
"Lattafa Royal Sapphire 100ml(unissex)",155,true,12
"Lattafa Sakeena 100ml(fem)",130,true,25
"Lattafa Sehr 100ml(unisex)",190,true,19
"Lattafa Ser Hubbe 100ml(fem)",95,true,10
"Lattafa Shaheen Gold 100ml(unisex)",165,true,
"Lattafa Shaheen Silver 100ml(unisex)",155,true,
"Lattafa Sheikh Shuyukh Supreme 100ml(unissex)",145,true,11
"Lattafa Sherif 100ml(masc)",125,true,20
"Lattafa Teriaq 100ml(fem)",155,true,18
"Lattafa Teriaq Intense 100ml(unisex)",185,true,10
"Lattafa Tharwah Gold 100ml(fem)",275,true,
"Lattafa The Kingdom cx branca 100ml(masc)",170,true,
"Lattafa the kingdom cx dourada 100ml(fem)",140,true,
"Lattafa Thouq 80ml(unissex)",160,true,10
"Lattafa Victoria 100ml(fem)",170,true,18
"Lattafa Vintage Radio 100ml(unissex)",145,true,4
"Lattafa Washwash 100ml(fem)",100,true,0
"Lattafa Yara Candy 100ml (fem)",135,true,
"Lattafa Yara Elixir 100ml (fem)",225,true,
"Lattafa Yara Moi 100ml (fem)",145,true,
"Lattafa Yara rosa 100ml (fem)",140,true,
"Lattafa Yara Tous 100ml (fem)",140,true,
"Le Chameau Arabia Madame 100ml(fem)",175,true,8
"Le Chameau Arabia Malaak 100ml(fem)",145,true,8
"Le Chameau Burj Dubai  Arina 100ml(fem)",175,true,9
"Maison Alhambra Alpine 100ml(masc)",140,true,1
"Maison Alhambra Athena 100ml(fem)",215,true,2
"Maison Alhambra B.A.D Femme 100ml",135,true,8
"Maison Alhambra B.A.D Homme 100ml",145,true,19
"Maison Alhambra Candid Tonight 100ml(fem)",135,false,
"Maison Alhambra Chants Tanderina 100ml(fem)",130,true,8
"Maison Alhambra Como Moiselle 100ml(fem)",150,true,24
"Maison Alhambra Delilah Pour Femme 100ml",170,true,
"Maison Alhambra Glacier Bold 100ml(unissex)",135,false,
"Maison Alhambra Infin musk 100ml(masc)",135,true,1
"Maison Alhambra Infini Elixir 100ml(unissex)",130,true,10
"Maison Alhambra Infini Oud 100ml(unisex)",135,true,8
"Maison Alhambra Infini Rose 100ml(unisex)",135,false,0
"Maison Alhambra Intrude 100ml(fem)",135,true,
"Maison Alhambra Jardin de rêve 100ml(fem)",160,true,6
"Maison Alhambra Jorge Di Profumo Aqua 100ml(masc)",115,true,2
"Maison Alhambra Jorge Di Profumo Deep Blue 100ml(unisex)",130,true,
"Maison Alhambra Jorge Di Profumo preto 100ml(masc)",130,true,7
"Maison Alhambra La Rouge Baroque 100ml(fem)",125,true,
"Maison Alhambra La Rouge Baroque Extreme 100ml(fem)",140,true,5
"Maison Alhambra La Vivacite Intensa 100ml(fem)",140,true,
"Maison Alhambra La Voie 100ml(fem)",120,true,
"Maison Alhambra Leonie 100ml(fem)",150,true,1
"Maison Alhambra Leonie Intense 100ml(fem)",135,true,
"Maison Alhambra Maitre De Blue 100ml(masc)",145,true,3
"Maison Alhambra Mia Dolcezza Verde 100ml(fem)",100,false,
"Maison Alhambra No.2 Men 80ml",130,true,26
"Maison Alhambra Panther Pour Homme 100ml(masc)",135,true,
"Maison Alhambra Perseus 100ml(masc)",155,true,4
"Maison Alhambra Perseus 100ml(unisex)",145,true,10
"Maison Alhambra Philos Centro 100ml(unissex)",110,true,11
"Maison Alhambra Philos Messenger 100ml(unissex) ",135,false,
"Maison Alhambra Philos Opus Noir 100ml(unissex)",110,true,12
"Maison Alhambra Philos Pura 100ml(unisex)",155,true,
"Maison Alhambra Pink Eclipse 100ml(fem)",240,true,8
"Maison Alhambra Reyna Pour Femme 100ml",125,true,13
"Maison Alhambra Rose Seduction Vip Pour Femme 100ml",160,true,
"Maison Alhambra Salvo 100ml(masc)",135,true,65
"Maison Alhambra Salvo Elixir 60ml(masc)",125,true,
"Maison Alhambra Salvo Intense 100ml(masc)",145,true,32
"Maison Alhambra Sceptre Bronzite 100ml(unisex)",150,true,
"Maison Alhambra Sceptre Malachite 100ml(unisex)",150,true,9
"Maison Alhambra So Candid Pour Femme 100ml",140,true,2
"Maison Alhambra So Candid Pour Homme 100ml(masc)",180,true,5
"Maison Alhambra So Candid Rouge 85ml(fem)",140,true,10
"Maison Alhambra Summer Forever 100ml(fem)",145,true,1
"Maison Alhambra Victoria Flower Orchid 100ml(fem)",120,true,10
"Maison Alhambra Victoria Flower Rosa Lilium 100ml(fem)",120,true,10
"Maison Alhambra Victorioso Nero 100ml(masc)",140,true,5
"Maison Alhambra Vogue Night 100ml(fem)",120,true,8
"Maison Alhambra Vogue Party 100ml(fem)",120,true,5
"Maison Alhambra Vogue Rouge 100ml(fem)",120,true,7
"Maison Alhambra Yeah! Man 100ml",140,true,3
"Maison Asrar Asala 100ml(fem)",205,true,3
"Maison Asrar Bloom Bloom 100ml(fem)",205,true,13
"Maison Asrar Cascade 100ml(unissex)",210,true,4
"Maison Asrar Coffee Blend 100ml(unissex)",195,true,12
"Maison Asrar DXB 100ml(unissex)",295,true,5
"Maison Asrar Fakhama 100ml(unissex)",175,false,0
"Maison Asrar Gold Noir 110ml(unissex)",195,true,14
"Maison Asrar Hunter 100ml(masc)",205,true,9
"Maison Asrar Joy 100ml(fem)",185,true,5
"Maison Asrar Khayyal 100ml(unissex)",210,true,4
"Maison Asrar Legacy 100ml(unissex)",240,true,12
"Maison Asrar Lily 100ml(fem)",215,true,5
"Maison Asrar Lollita 100ml(fem)",205,true,9
"Maison Asrar Love Key 100ml(fem)",210,true,19
"Maison Asrar Lumiere 110ml(unissex)",185,true,5
"Maison Asrar Luna 100ml(fem)",185,true,2
"Maison Asrar Masterpiece 100ml(unissex)",180,true,11
"Maison Asrar Mohra 100ml(unissex)",210,true,4
"Maison Asrar Plot Twist 100ml(unissex)",210,true,15
"Maison Asrar Red Carpet 100ml(fem)",240,true,12
"Maison Asrar Runway Girl 100ml(fem)",240,true,11
"Maison Asrar Smokey Eyes 100ml(fem)",290,true,11
"Maison Asrar Unsolved Mystery 100ml(unissex)",210,true,20
"Maison Asrar Vanilla Aura 100ml(unissex)",345,true,10
"Maison Asrar Vanilla Rouge 100ml(unissex)",195,true,8
"Maison Asrar Vanilla Seduction 100ml(fem)",220,true,12
"Maison Asrar Vanilla Voyage 100ml(unissex)",290,true,12
"Maison Asrar Whisper 100ml(fem)",225,true,7
"Mawwal Arabia Sitar 100ml(fem)",215,true,12
"Mawwal Fantasy Raif 100ml(masc)",240,true,2
"Mayson Alhambra  Delilah blanc 100m(fem)",190,true,16
"Mayson Alhambra La Vivacite 100ml(fem)",135,true,
"Nusuk Raheeq 100ml(unissex)",265,true,5
"Oleo Concentrado Ameerati 12ml",105,true,12
"Oleo Concentrado Attar Al Wesal 12ml",105,true,12
"Oleo Concentrado Durrat Al Aroos 12ml",105,true,12
"Oleo Concentrado Sabah Al Ward 12ml",105,true,10
"Oleo Concentrado Shagaf Al Ward 12ml",105,true,12
"Oleo Concentrado Sultan Al Lail 12ml",105,true,3
"Orientica Azure Fantasy 80ml(unissex)",490,true,6
"Orientica Desert Dusk 80ml(unissex)",430,true,2
"Orientica Rose Eclat 80ml(fem)",430,true,5
"Orientica Royal Amber 80ml(unisex)",420,true,5
"Paris Corner AZM 100ml(unissex)",275,true,36
"Paris Corner Emir Voux Zingy 100ml(unisex)",225,true,17
"Paris Corner Fayora 100ml(fem)",225,false,0
"Paris Corner Fayora Oshino 100ml(fem)",220,true,11
"Paris Corner Marshmallow Blush 100ml(fem)",250,true,8
"Paris Corner Memories of Summer 100ml(unissex)",160,true,12
"Paris Corner North Stag Expressions 100ml(masc)",225,true,3
"Paris Corner Taskeen Caramel Cascade 100ml(unissex)",150,true,5
"Rayhaan Ayka for Her 100ml",180,true,8
"Rayhaan Corium for Him 100ml",180,true,6
"Rayhaan Elixir 100ml(unissex)",185,true,10
"Rayhaan Imperia for Him 100ml",190,true,10
"Rayhaan Lion 100ml(masc)",190,true,3
"Rayhaan Nocturno Pour Homme 100ml",190,true,8
"Rayhaan Ocean Rush For Him 100ml",180,true,10
"Rayhaan Pretty in Pink For Her 100ml",180,true,9
"Rayhaan Valhalla 100ml(unissex)",190,true,10
"z Body Splash Ameerati  Bouquet Carmin 240ml",45,true,8
"z Body Splash Ameerati Doce Rosa 240ml",45,true,14
"z Body Splash Ameerati Encanto Persa 240ml",45,true,9
"z Body Splash Ameerati Flor do Deserto 240ml",45,true,17
"z Body Splash Ameerati Jardins do Oriente 240ml",45,true,10
"z Body Splash Ameerati Mel de Especiarias 240ml",45,true,14
"z Body Splash Ameerati Nectar de Pera 240ml",45,true,17
"z Body Splash Ameerati Perola do Deserto 240ml",45,true,20
"z Body Splash Ameerati Raro Elixir 240ml",45,true,20
"z Body Splash Ameerati Rosa Imperial 240ml",45,true,22
"z Body Splash Ameerati Sonho de Pistache 240ml",45,true,19
"z Body Splash Ameerati Sublime Cereja 240ml",45,true,20
"z Body Splash Ameerati Tesouro Do Oasis 240ml",45,true,21
"z Body Splash Ameerati Verde Supremo 240ml",45,true,19
"z Creme Corporal Ameerati Baunilha Selvagem 240ml",40,true,20
"z Creme Corporal Ameerati Bouquet Carmin 240ml",45,true,22
"z Creme Corporal Ameerati Doce Rosa 240ml",40,true,21
"z Creme Corporal Ameerati Encanto Persa 240ml",40,false,
"z Creme Corporal Ameerati Flor do Deserto 240ml",40,false,
"z Creme Corporal Ameerati Frescor de Lichia 240ml",40,true,23
"z Creme Corporal Ameerati Jardins do Oriente 240ml",40,false,
"z Creme Corporal Ameerati Mel de Especiarias 240ml",40,false,
"z Creme Corporal Ameerati Nectar de Pera 240ml",45,true,22
"z Creme Corporal Ameerati Perola do Deserto 240ml",40,false,
"z Creme Corporal Ameerati Raro Elixir 240ml",40,false,
"z Creme Corporal Ameerati Sonho de Pistache 240ml",40,true,22
"z Creme Corporal Ameerati Sublime Cereja 240ml",40,true,22
"z Creme Corporal Ameerati Tesouro do Oasis 240ml",40,false,
"z Creme Corporal Ameerati Verde Supremo",40,true,23
"z Decant 9am branco 5ml",20,true,
"z Decant 9am Dive 5ml",20,true,
"z Decant 9pm elixir 5ml",25,true,
"z Decant 9pm Night Out 5ml",33,true,
"z Decant 9pm preto 5ml",20,true,
"z Decant 9pm Rebel 5ml",25,true,
"z Decant Aether Extrait 5ml",30,true,
"z Decant Afaq Gold 5ml",20,true,
"z Decant Afeef 5ml",30,true,
"z Decant Ajwaa 5ml",25,true,
"z Decant Ajwad 5ml",15,true,
"z Decant Ajwad pink to pink 5ml",15,true,
"z Decant Al Layl 5ml ",15,true,
"z Decant Al Nashama Caprice 5ml",15,true,
"z Decant Al Noble Ameer 5ml",15,true,
"z Decant Al Noble Saffer 5ml",15,true,
"z Decant Al Noble Wazeer 5ml",15,true,
"z Decant Alpine 5ml ",15,true,
"z Decant Amber Oud Gold 5ml",30,true,
"z Decant Ameer Al Arab Imperium 5ml",15,true,
"z Decant Ameerat Al Arab vermelho 5ml",15,true,
"z Decant Ameerati 5ml",15,true,
"z Decant Amnia 5ml",15,true,
"z Decant Antique 5ml",20,true,
"z Decant Arabia Madame 5ml",20,true,
"z Decant Ard Al Zaafaran Ajmal Ehsaas 5ml",18,true,
"z Decant Arqus Intruder 5ml",15,true,
"z Decant Arqus Voyage 5ml",15,true,
"z Decant Art Of Nature I  5ml",25,true,
"z Decant Art Of Nature II 5ml",25,true,
"z Decant Asad Bourbon 5ml",20,true,
"z Decant Asad Elixir 5ml",22,true,
"z Decant Asad preto 5ml",15,true,
"z Decant Asad Zanzibar 5ml",15,true,
"z Decant Asad Zanzibar Limited Edition 5ml",22,true,
"z Decant Atheeri 5ml",60,true,
"z Decant Athena 5ml",25,true,
"z Decant Attar Al Wesal 5ml",15,true,
"z Decant Aurora Deciduous Spring 5ml",30,true,
"z Decant Aurora ILLICIT 5ml",20,true,
"z Decant aurora Pharaoh 5ml",25,true,
"z Decant B.A.D Femme 5ml",15,true,
"z Decant Badee Al Oud Amethyst 5ml",15,true,
"z Decant Badee Al Oud Honor e Glory 5ml",15,true,
"z Decant Badee Al Oud Noble Blush 5ml",15,true,
"z Decant Badee Al Oud Oud For Glory 5ml",15,true,
"z Decant Badee Al Oud Sublime 5ml",15,true,
"z Decant Bareeq Al Dhahab 5ml",15,true,
"z Decant Berry on Top 5ml",25,true,
"z Decant Bharara Chocolate 5ml",40,true,
"z Decant Castilla 5ml",15,true,
"z Decant Chants Tanderina 5ml",15,true,
"z Decant Choco Overdose 5ml",25,true,
"z Decant Classic Stone 5ml",20,true,
"z Decant Club De Nuit Bling 5ml",40,true,
"z Decant Club De Nuit Iconic 5ml",25,true,
"z Decant Club De Nuit Imperiale 5ml",25,true,
"z Decant Club de Nuit intense man 5ml",22,true,
"z Decant Club De Nuit Lionheart 5ml",30,true,
"z Decant Club De Nuit Maleka 5ml",22,true,
"z Decant Club De Nuit Milestone 5ml",25,true,
"z Decant Club De Nuit Precieux IV 5ml",60,true,
"z Decant Club De Nuit Untold 5ml",30,true,
"z Decant Club De Nuit Urban Elixir 5ml",25,true,
"z Decant Club De Nuit Woman 5ml",22,true,
"z Decant Cocoa Morado 5ml",25,true,
"z Decant Como Moiselle 5ml",15,true,
"z Decant Dalal 5ml",30,true,
"z Decant Delilah Blanc 5ml",25,true,
"z Decant Delilah Pour Femme 5ml",18,true,
"z Decant Dream of Haze 5ml",25,true,
"z Decant Durrat Al Aroos 5ml",15,true,
"z Decant Durrat Al Aroos Love 5ml",22,true,
"z Decant Eclaire 5ml",18,true,
"z Decant Eclaire Banoffi 5ml",18,true,
"z Decant Eclaire Pistache 5ml",18,true,
"z Decant Emeer 5ml",26,true,
"z Decant Eternal Oud 5ml",17,true,
"z Decant F.avenue Spectre Ghost 5ml",22,true,
"z Decant Fakhar Black 5ml",20,true,
"z Decant Fakhar gold 5ml",17,true,
"z Decant Fakhar prata 5ml",17,true,
"z Decant Fakhar Rose 5ml",22,true,
"z Decant Habik masculino 5ml",16,true,
"z Decant Habik Pink 5ml",18,true,
"z Decant Hawas Black 5ml ",20,true,
"z Decant Hawas Diva 5ml",35,true,
"z Decant Hawas Eclat 5ml",20,true,
"z Decant Hawas Elixir 5ml",20,true,
"z Decant Hawas for him 5ml",20,true,
"z Decant Hawas Ice 5ml",25,true,
"z Decant Hawas Kobra 5ml",30,true,
"z Decant Hawas Malibu 5ml",30,true,
"z Decant Hawas Verde 5ml",25,true,
"z Decant Her Confession 5ml",22,true,
"z Decant His Confession 5ml",17,true,
"z Decant Island 5ml",19,true,
"z Decant Island Bliss 5ml",25,true,
"z Decant Island Vanilla Dunes 5ml",19,true,
"z Decant Jardim de Reve 5ml",15,true,
"z Decant Jasoor 5ml",15,true,
"z Decant Kayaan Classic 5ml",15,true,
"z Decant Khalid 5ml",25,true,
"z Decant Khamra Qahwa 5ml",18,true,
"z Decant Khamrah Dukhan 5ml",18,true,
"z Decant Khamrah preto 5ml",18,true,
"z Decant La Vivacite Intensa 5ml",15,true,
"z Decant La Voie 5ml",15,true,
"z Decant Layaan 5ml",20,true,
"z Decant Leonie 5ml",15,true,
"z Decant Leonie Intense 5ml",15,true,
"z Decant Liquid Brun 5ml",23,true,
"z Decant Luscious 5ml",20,true,
"z Decant M.alhambra La Vivacite 5ml",15,true,
"z Decant M.Alhambra Vip pour femme 5ml",16,true,
"z Decant M.Alhambra Vogue Rouge 5ml",15,true,
"z Decant M.Asrar Bloom Bloom 5ml",21,true,
"z Decant M.Asrar Coffe Blend 5ml",20,true,
"z Decant M.Asrar Legacy 5ml",25,true,
"z Decant M.Asrar Runway Girl 5ml",25,true,
"z Decant M.Asrar Vanilla Aura 5ml",35,true,
"z Decant M.Asrar Vanilla Rouge 5ml",20,true,
"z Decant M.Asrar Vanilla Seduction 5ml",25,true,
"z Decant M.Asrar Vanilla Voyage 5ml",30,true,
"z Decant Maitre De Blue 5ml",15,true,
"z Decant Manaal 5ml",20,true,
"z Decant Marshmallow Blush 5ml",25,true,
"z Decant Mayar Cherry Intense ",17,true,
"z Decant Mayar Natural Intense 5ml",17,true,
"z Decant Mayar Rosa 5ml",17,true,
"z Decant Milena 5ml",20,true,
"z Decant Musamam Black intense ",30,true,
"z Decant musamam white intense 5ml",30,true,
"z Decant Niche Emarati Classic Stone 5ml",20,true,
"z Decant Odyssey Dubai Chocolat 5ml",15,true,
"z Decant Odyssey Limoni 5ml",18,true,
"z Decant Odyssey Mandarin Sky Limited Edition 5ml",18,true,
"z Decant Odyssey Tyrant 5ml",15,true,
"z Decant Opulent Dubai 5ml",15,true,
"z Decant Orientica Desert Dusk 5ml",50,true,
"z Decant Orientica Rose Eclat 5ml",50,true,
"z Decant Orientica Royal Amber 5ml",50,true,
"z Decant Oud Mystery Intense 5ml ",15,true,
"z Decant P.Corner Emir Voux Zingy 5ml",23,true,
"z Decant Paris Corner AZM 5ml",30,true,
"z Decant Paris Corner Fayora 5ml",23,true,
"z Decant Paris Corner Fayora Oshino",23,true,
"z Decant Peace e Love 5ml",20,true,
"z Decant Philos Centro 5ml",15,true,
"z Decant Philos Messenger 5ml",15,true,
"z Decant Philos Opus Noir 5ml",15,true,
"z Decant Philos Pura 5ml",15,true,
"z Decant Pink Eclipse 5ml",25,true,
"z Decant Pisa 5ml",30,true,
"z Decant Pure Crystal 5ml",35,true,
"z Decant Qaed Al Fursan 5ml",15,true,
"z Decant Queen Of Arabia 5ml",55,true,
"z Decant Raheeq 5ml",30,true,
"z Decant Raneen 5ml ",20,true,
"z Decant Rayhaan Ayka 5ml",20,true,
"z Decant Rayhaan Corium 5ml",20,true,
"z Decant Rayhaan Elixir 5ml",20,true,
"z Decant Rayhaan Imperia 5ml",20,true,
"z Decant Rayhaan Lion 5ml ",20,true,
"z Decant Rayhaan Nocturno 5ml",20,true,
"z Decant Rayhaan Ocean Rush 5ml ",20,true,
"z Decant Rayhaan Pretty in Pink 5ml",20,true,
"z Decant Rayhaan Valhalla 5ml",20,true,
"z Decant Rose Mystery Intense 5ml",15,true,
"z Decant Sabah al Ward 5ml",15,true,
"z Decant Sabah Al Ward Delilah 5ml",25,true,
"z Decant Sabah Al Ward Sugar 5ml",22,true,
"z Decant Sabah Al Ward Valentine 5ml",22,true,
"z Decant Sakeena 5ml",15,true,
"z Decant Salvo Intense",15,true,
"z Decant Sceptre Bronzite 5ml",15,true,
"z decant Seher 5ml ",20,true,
"z Decant Shagaf Al Ward 5ml",15,true,
"z Decant Shaheen Gold 5ml",18,true,
"z Decant Shaheen Silver 5ml",18,true,
"z Decant Sheikh Shuyukh Supreme 5ml",15,true,
"z Decant Sherif 5ml",15,true,
"z Decant So Candid Pour Femme 5ml",15,true,
"z Decant So Candid Pour Homme 5ml",18,true,
"z Decant So Candid Rouge 5ml",15,true,
"z Decant Summer Forever 5ml",15,true,
"z Decant Supremacy collectors 5ml",40,true,
"z Decant Teriaq 5ml ",18,true,
"z Decant Teriaq Intense 5ml",18,true,
"z Decant Tharwah Gold 5ml",30,true,
"z Decant The Kingdom cx dourada  fem 5ml",20,true,
"z Decant The Kingdom masc 5ml ",20,true,
"z Decant Thouq 5ml",20,true,
"z Decant Tiara Pink 5ml",15,true,
"z Decant Turathi Blue 5ml",25,true,
"z Decant Turathi Electric 5ml",25,true,
"z Decant Vanilla Freak 5ml",25,true,
"z Decant Veneno Scarlet 5ml",30,true,
"z Decant Victoria 5ml",18,true,
"z Decant Viking Beirut 5ml",40,true,
"z Decant Vogue Night 5ml",15,true,
"z Decant Vogue Party 5ml",15,true,
"z Decant Vulcan Baie 5ml",28,true,
"z Decant Vulcan Black 5ml",35,true,
"z Decant Vulcan Feu 5ml",25,true,
"z Decant Vulcan Sable 5ml ",22,true,
"z Decant Watani Intense 5ml",15,true,
"z Decant Watani Noir 5ml ",15,true,
"z Decant Watani Pink 5ml",25,true,
"z Decant Watani Purple 5ml",15,true,
"z Decant Whipped Pleasure 5ml",25,true,
"z Decant Yara Candy 5ml",15,true,
"z Decant Yara Elixir 5ml",22,true,
"z Decant Yara Moi 5ml",15,true,
"z Decant Yara Rosa 5ml",15,true,
"z Decant Yara Tous 5ml",15,true,
"z Decant Yum Yum 5ml",30,true,
"z Decante Veneno Bianco 5ml",28,true,
"z Decat Ameerat Al Arab rose 5ml",15,true,
"Zakat Bombshell preto 100ml(fem)",170,true,9
"Zimaya Fatima roxo 100ml(fem)",145,false,